seller_id,first_name,last_name,email,year of birth,country_of_origin
1,Brendan,Hernandez,rushdanielle@example.net,1948,Comoros
2,Jonathan,Harris,brittany88@example.org,1946,Belarus
3,Jimmy,Logan,howellrhonda@example.net,1985,Cambodia
4,Keith,Davis,kennethpeterson@example.org,1950,Canada
5,Jack,Fisher,tsmith@example.com,1994,Brazil
6,Denise,Lawson,palmerjesse@example.com,1950,Bulgaria
7,Sarah,Stone,perrysmith@example.com,1969,Cambodia
8,Robert,Fox,bguerrero@example.net,1946,Cyprus
9,Jennifer,Cox,angelareynolds@example.com,1968,Colombia
10,Keith,Wade,akeller@example.org,1970,Brazil
11,Virginia,Parker,collinskenneth@example.org,1946,Comoros
12,Shane,Rodriguez,elizabeth29@example.net,1986,Tanzania
13,Natasha,Brown,jeremiahmyers@example.com,1968,Algeria
14,Candace,Brown,amy37@example.net,1992,Albania
15,Wanda,Williams,martinezlisa@example.org,1954,Cameroon
16,Nathaniel,Lopez,robert16@example.org,1949,USA
17,Jay,Hall,qcooper@example.net,1969,Benin
18,Michelle,Day,carrstephanie@example.org,1994,Bahamas
19,Richard,Lang,ystone@example.org,1960,France
20,Paul,Moran,sandra56@example.net,1948,Chile
21,Jeremy,Hunt,melissa81@example.org,1987,South Africa
22,Spencer,Yates,timothyallen@example.com,1978,Rwanda
23,Virginia,Meyer,smithdaniel@example.org,1957,Croatia
24,Anna,Wagner,lfleming@example.org,1971,Bolivia
25,Jacob,Cobb,andrew86@example.com,1944,Rwandan
26,Craig,Miller,amber82@example.net,1969,Bangladesh
27,Shawn,Mason,michelle72@example.net,1944,Argentina
28,Steven,Franklin,svance@example.net,1967,Angola
29,Rebecca,Johnson,ghernandez@example.net,1985,Rwanda
30,Jennifer,Perez,kevin35@example.net,1947,Bolivia
31,Shannon,Kirby,karenhall@example.net,1979,USA
32,Heather,Bell,seth13@example.net,1965,Bangladesh
33,Kelli,Baker,dashley@example.org,1986,Angola
34,Debra,Mcpherson,nicole64@example.net,1979,Bangladesh
35,Victoria,Gonzalez,barbara03@example.net,1985,South Africa
36,Jennifer,Clark,christopher61@example.com,1954,UK
37,Jeremy,Mccoy,jordanjared@example.com,1950,Cameroon
38,Gina,Cruz,tnelson@example.org,1958,Benin
39,Penny,Chandler,christensenkendra@example.com,1972,Comoros
40,Ashley,Salas,reyestiffany@example.com,1981,Bulgaria
41,Daniel,Parker,melissa47@example.com,1948,Bahamas
42,Elizabeth,Galvan,cmurphy@example.net,1948,Bahamas
43,Isabella,Thomas,michael01@example.org,1971,Botswana
44,Annette,Johnson,kathleen25@example.com,1949,Cuba
45,Charles,Carrillo,ubradford@example.com,1977,Argentina
46,Michael,Medina,jefferywatkins@example.com,1981,Rwandan
47,Cynthia,Hunt,erikareynolds@example.org,1972,Bolivia
48,Marcus,Carr,samuelpatel@example.com,1989,Austria
49,Ashley,Hernandez,nelsoncaitlyn@example.org,1967,Colombia
50,Christopher,Lopez,gholland@example.org,1966,Brazil
51,Mark,Blake,alexanderhaynes@example.com,1951,Cambodia
52,Caitlin,Macias,crystal39@example.net,1976,Austria
53,Sheila,Hall,hollandmichael@example.org,1968,Angola
54,Jessica,Allen,amanda46@example.net,1957,Croatia
55,Emily,Martin,samantha78@example.org,1980,Canada
56,Sandra,Garcia,conradjoseph@example.com,1950,Rwanda
57,Cynthia,Mcconnell,jonathan80@example.com,1957,UK
58,Marcus,Larson,hsoto@example.com,1974,Bolivia
59,Dylan,White,michael16@example.org,1987,Bulgaria
60,Jose,Monroe,smithpenny@example.org,1948,Cameroon
61,Ashley,Bruce,lopezjessica@example.com,1981,Cuba
62,Jean,Oconnor,april20@example.org,1949,Kenya
63,John,Callahan,millstamara@example.net,1978,Tanzania
64,Tammy,Wang,barrybarr@example.net,1968,Benin
65,Brandi,Dorsey,andrea18@example.com,1993,Argentina
66,Sherri,Morrison,knightpaul@example.net,1983,Botswana
67,Shawn,Sims,smiththomas@example.org,1994,Cabo Verde
68,Timothy,Webb,cbailey@example.com,1952,UK
69,Teresa,Landry,debbieaustin@example.com,1962,Cuba
70,Stephanie,Graham,wpetty@example.com,1952,France
71,Thomas,Erickson,serranomichael@example.org,1989,France
72,Alan,Wilson,sextonmelissa@example.com,1982,Cyprus
73,Caitlin,Anderson,martin93@example.com,1944,Belarus
74,Karen,Romero,sbrown@example.com,1956,Canada
75,Ana,Pierce,jacobsjames@example.net,1954,USA
76,Todd,Schaefer,whiteheadelizabeth@example.com,1973,Bolivia
77,Richard,Torres,qwilson@example.org,1978,Tanzania
78,Jacob,Mason,ramosemily@example.com,1988,China
79,Cynthia,Williams,elizabethlee@example.com,1987,France
80,Nicholas,Castillo,martinezsusan@example.org,1945,Argentina
81,Doris,Blankenship,burnslindsay@example.net,1955,UK
82,Jennifer,Spencer,cindy93@example.org,1964,Cabo Verde
83,Kristin,Jackson,brewerheidi@example.net,1979,Benin
84,Kelly,Navarro,patricia87@example.com,1954,Cambodia
85,Glen,Henderson,markanderson@example.org,1950,China
86,Diana,Morrow,ravenrivera@example.com,1970,France
87,Ashley,Young,bjohnson@example.com,1984,Comoros
88,Brian,Li,justin36@example.com,1989,South Africa
89,Sally,Osborne,reedchristopher@example.com,1974,Angola
90,Matthew,Cunningham,conniefuller@example.net,1948,Argentina
91,Leslie,King,annettepayne@example.org,1960,Botswana
92,Matthew,Meyer,jesse36@example.net,1994,USA
93,Alan,Jennings,natalieballard@example.com,1967,Kenya
94,Micheal,Ramos,gcox@example.com,1958,Canada
95,Mckenzie,Jones,bshaw@example.com,1983,China
96,Margaret,Rios,michelleandrade@example.org,1950,Cabo Verde
97,Michele,Smith,garycompton@example.org,1972,Cameroon
98,Nicole,Hudson,rachelwright@example.net,1954,Colombia
99,David,Stone,conleychristopher@example.com,1956,Kenya
100,Billy,Peck,jmiller@example.com,1984,DRC
101,Joseph,Wilkins,catherinejoseph@example.org,1993,Comoros
102,Sherry,Snyder,edward06@example.net,1974,Cameroon
103,Natalie,Cardenas,sbrock@example.net,1958,Bangladesh
104,John,Bush,jacobstheresa@example.com,1983,Chile
105,Ashley,Reyes,taylormartin@example.com,1958,Barbados
106,John,Coleman,edward01@example.org,1954,Comoros
107,Patricia,Andrade,vfrost@example.com,1961,Cuba
108,Joseph,Daniels,michael28@example.org,1953,China
109,Nathan,Barrera,umorgan@example.com,1988,Bangladesh
110,Christine,Porter,orrjulie@example.net,1971,UK
111,Kimberly,Terry,dannysmith@example.net,1954,Botswana
112,Stephen,Thompson,heidi22@example.org,1969,USA
113,William,Jackson,michaelmarquez@example.org,1975,Bahamas
114,Thomas,Baker,lindseyveronica@example.net,1968,Colombia
115,Emily,Brown,angel12@example.org,1947,Cameroon
116,Patrick,Haas,sharon91@example.net,1958,Rwandan
117,Michael,Thompson,charlessteven@example.net,1971,Comoros
118,Kelly,Bailey,russell67@example.org,1972,USA
119,Aaron,Sullivan,rollinsmark@example.org,1948,Algeria
120,Charles,Krueger,fpitts@example.com,1953,Angola
121,Amber,Hansen,deankevin@example.com,1978,Bulgaria
122,Lauren,Sims,christopherperez@example.net,1963,Algeria
123,Darrell,Roberts,hendricksgerald@example.net,1957,Albania
124,Destiny,Bailey,alyssafowler@example.com,1970,Brazil
125,Michael,Edwards,njames@example.org,1993,UK
126,Dennis,Johnson,nathanvalencia@example.net,1948,Bahamas
127,Stephanie,Johnson,carlsonsherry@example.net,1985,Rwanda
128,Kim,Carey,lawrencechambers@example.net,1957,Brazil
129,Derek,Heath,kevin11@example.org,1946,Cameroon
130,Lonnie,Bailey,latoya02@example.net,1956,Chile
131,Angela,Hoffman,dawn42@example.net,1969,Austria
132,Deanna,Park,millerangela@example.org,1981,Rwandan
133,Stephen,Alexander,nicholsmichael@example.net,1946,Benin
134,Glenn,Ellis,zmiller@example.org,1993,Burundi
135,Christine,George,joseph99@example.com,1947,Argentina
136,Andrew,Jones,jessica03@example.com,1965,Colombia
137,James,Shepherd,mark93@example.org,1976,Canada
138,Laura,Humphrey,agreen@example.org,1959,South Africa
139,Monica,Smith,ashleybrooke@example.org,1953,Kenya
140,Amy,Orr,sarah95@example.com,1952,Afghanistan
141,Eileen,Campbell,riverafranklin@example.com,1978,Croatia
142,Christine,Adkins,williamberry@example.com,1986,Belarus
143,Kelly,Alexander,john37@example.org,1978,Botswana
144,Crystal,Gaines,davidcompton@example.net,1980,Cyprus
145,Wayne,Conley,moodyjeanne@example.com,1985,Austria
146,Gabriel,Malone,clayton57@example.com,1960,Bangladesh
147,Nicholas,Lee,cowanchristy@example.net,1946,UK
148,Michelle,Perry,schwartzterri@example.net,1971,South Africa
149,Stephanie,Whitehead,dylan25@example.com,1990,Tanzania
150,Sarah,Wiggins,christineevans@example.net,1976,Kenya
151,Kendra,Thompson,christine12@example.net,1969,Bahamas
152,Kyle,Patton,dlucas@example.com,1962,South Africa
153,Kristin,Campbell,doylecheryl@example.org,1959,Afghanistan
154,William,Cooper,valeriehoward@example.org,1966,France
155,Becky,Orozco,obrown@example.net,1985,Argentina
156,Kristopher,Morris,brianpierce@example.com,1955,UK
157,David,Ellis,barbara54@example.net,1973,Benin
158,Ethan,Golden,soliskristen@example.net,1956,Burundi
159,Michael,Finley,kyle82@example.org,1987,Albania
160,Richard,Haas,garybaker@example.org,1960,Rwandan
161,David,Harris,kpaul@example.com,1968,Cameroon
162,Scott,Santos,victoriajames@example.com,1985,Kenya
163,Natalie,Ware,warneramber@example.org,1980,Chile
164,Christine,Meyers,stacy97@example.org,1989,Canada
165,Lisa,Boone,smithjoseph@example.org,1954,Canada
166,Courtney,Cole,ingramjeffrey@example.com,1954,USA
167,Amanda,Jimenez,beckerjames@example.net,1973,Cyprus
168,Barbara,Benson,fherrera@example.com,1955,Kenya
169,Kara,Mason,boyerbrian@example.com,1963,Tanzania
170,James,Levy,hansonamanda@example.net,1978,Tanzania
171,Carol,Miller,zhouston@example.net,1983,Argentina
172,Aimee,Clark,alexislogan@example.org,1988,Rwanda
173,Philip,Wilson,nancy02@example.com,1963,Austria
174,Jamie,Pierce,thomasjoshua@example.net,1987,France
175,Kerri,Jackson,cheryl63@example.org,1962,Burundi
176,Joyce,Owen,jasonreyes@example.org,1982,UK
177,Jose,Farmer,malonesylvia@example.net,1971,Australia
178,Dennis,Stanton,powellchristopher@example.net,1991,Uganda
179,Jason,Davidson,justinboyd@example.org,1973,Belarus
180,William,Thomas,joel96@example.com,1959,USA
181,Joseph,Cuevas,moralesdawn@example.org,1974,Bahamas
182,Jamie,Clayton,williamsallen@example.org,1967,Cuba
183,Richard,Martin,williamcampbell@example.com,1975,UK
184,Derek,Hicks,brooksnoah@example.com,1979,Belgium
185,Tracy,Knox,erivera@example.net,1994,Argentina
186,John,Alexander,rose92@example.net,1967,Angola
187,Darren,Berry,dblake@example.com,1947,Cambodia
188,Faith,Richardson,butleremily@example.org,1975,UK
189,Lori,Schmidt,samantha30@example.org,1960,Cameroon
190,Zachary,Schultz,hooveramanda@example.org,1948,France
191,Gabriel,Anderson,campbelljessica@example.com,1951,UK
192,Eileen,Jimenez,ayersbrenda@example.org,1950,Tanzania
193,Bruce,Finley,mooredanielle@example.org,1971,Argentina
194,Hunter,Mueller,davisrebecca@example.org,1980,DRC
195,Brian,Doyle,thompsonryan@example.net,1991,Australia
196,Brandon,Williams,bennettkimberly@example.net,1984,Albania
197,Robert,West,richard61@example.com,1987,Uganda
198,Danny,Elliott,williamsmichael@example.com,1973,Argentina
199,Charles,Thompson,leahpeck@example.com,1990,Chile
200,Erin,Black,markchan@example.com,1987,Bangladesh
201,Ariel,Smith,coxmelissa@example.net,1952,Rwanda
202,Jacqueline,Stuart,colonantonio@example.org,1961,Bangladesh
203,Travis,Wright,daniel14@example.org,1949,Bulgaria
204,Caleb,Franklin,victoria27@example.org,1963,Comoros
205,Steven,Barber,toni87@example.net,1988,USA
206,George,Washington,ydiaz@example.org,1978,Canada
207,Crystal,Fields,wbarnes@example.com,1960,Bahamas
208,Tim,Sharp,sharonruiz@example.org,1960,Barbados
209,Tracey,Johnson,royramirez@example.com,1994,Kenya
210,James,Roberts,christinebrown@example.net,1956,Botswana
211,Michelle,Bailey,thomaspowell@example.org,1984,Belgium
212,Daniel,Perry,bakerlynn@example.net,1994,Benin
213,Brandon,Page,karen24@example.org,1948,Cabo Verde
214,Gabriel,Joseph,msalazar@example.org,1976,Algeria
215,Christy,Wyatt,briannachen@example.org,1961,Canada
216,Melinda,Mueller,jessicamiller@example.com,1955,DRC
217,Jordan,Arnold,weeksscott@example.org,1984,Afghanistan
218,Robert,Evans,jessica89@example.net,1945,UK
219,Sharon,Andersen,granttheresa@example.net,1969,DRC
220,Mathew,Medina,kevin59@example.com,1959,Botswana
221,Ann,Villa,amymorales@example.com,1956,Algeria
222,Dennis,Green,valeriebrown@example.com,1953,Rwanda
223,Danielle,Taylor,saraalexander@example.net,1985,Belarus
224,Mckenzie,Lopez,hparker@example.org,1985,Belarus
225,David,Peck,savannah31@example.com,1954,Brazil
226,Kendra,Gonzalez,amyguzman@example.com,1955,USA
227,Caleb,Morgan,kylemcguire@example.org,1954,Cuba
228,Billy,Sullivan,lgross@example.com,1966,Albania
229,Cindy,Richards,denisejohnson@example.com,1980,Bangladesh
230,William,Moore,robinmitchell@example.net,1973,Benin
231,Lisa,Wright,anna97@example.net,1946,Bahamas
232,Elizabeth,Mendez,ejohnson@example.org,1990,Albania
233,Elizabeth,Porter,cindyli@example.com,1957,Bulgaria
234,Charles,Wiley,michaelmorrison@example.org,1946,Bangladesh
235,Michael,Cox,william69@example.net,1952,South Africa
236,Jamie,Lopez,danielsgregory@example.com,1946,Albania
237,Caroline,Garcia,martindavid@example.com,1986,Rwanda
238,Brian,Martinez,michael43@example.com,1971,Australia
239,Joshua,Maxwell,cookkenneth@example.net,1976,Cuba
240,Jack,Logan,pcastillo@example.net,1964,UK
241,Kathleen,Perkins,michaelroach@example.com,1957,UK
242,Dawn,Dixon,amy11@example.org,1962,Angola
243,Brandi,Taylor,tyler12@example.net,1961,France
244,Breanna,Morrow,michaeldavis@example.com,1994,UK
245,Justin,Daniel,sandradavis@example.com,1969,Albania
246,Allen,Ballard,cookmichael@example.com,1972,USA
247,Adam,Smith,rebeccaburns@example.org,1978,Bolivia
248,Shirley,Davis,schwartzsandra@example.org,1988,Bangladesh
249,Linda,Anderson,austincarlos@example.com,1975,Austria
250,Stephen,Fields,jjuarez@example.com,1968,DRC
251,Francisco,Greer,benjamin78@example.org,1947,Brazil
252,Taylor,Freeman,qdecker@example.net,1966,Angola
253,Theresa,Delgado,beckercody@example.com,1954,Canada
254,Donald,Simmons,michelle46@example.com,1965,DRC
255,Cameron,Martinez,zrose@example.net,1966,Croatia
256,Jean,Powell,carl03@example.com,1948,UK
257,James,Noble,james80@example.com,1954,Bulgaria
258,Samuel,Martin,jennifer70@example.org,1986,Colombia
259,Kathy,Murphy,jacob28@example.net,1984,Bahamas
260,Rose,Haley,matthewscott@example.com,1986,Belgium
261,Erik,Silva,dwilliams@example.org,1986,Cabo Verde
262,Andrea,Mckee,sarahflowers@example.com,1955,Austria
263,Jennifer,Taylor,james40@example.com,1975,Albania
264,Brandy,Murillo,colleen48@example.net,1955,Uganda
265,Dawn,Massey,crystal96@example.net,1969,Benin
266,Julie,Crawford,itaylor@example.com,1953,Chile
267,Amanda,Long,tony78@example.net,1979,UK
268,Tamara,Vargas,emilybriggs@example.net,1982,Angola
269,Joseph,Wilson,heidiharris@example.org,1962,Chile
270,Steven,Horn,cassiejohnson@example.com,1991,Rwanda
271,Cheryl,Barrera,brownanthony@example.org,1987,UK
272,Michael,Everett,emmareynolds@example.net,1978,Cameroon
273,Jennifer,Gonzalez,anthonyterrell@example.net,1974,South Africa
274,Christina,Olson,hernandezheather@example.org,1980,Algeria
275,Steven,Holland,richard30@example.org,1963,Belgium
276,Autumn,Leon,okline@example.org,1947,UK
277,Elizabeth,Gutierrez,saundersdeanna@example.org,1955,Bahamas
278,Desiree,Howell,cathy34@example.com,1971,UK
279,Lori,Frederick,brandon52@example.org,1966,Canada
280,Gina,Jenkins,jeffreymerritt@example.net,1970,Belarus
281,Joseph,Warner,justinkramer@example.net,1986,Angola
282,Mary,Jarvis,justinramirez@example.org,1988,Cambodia
283,Edwin,Johnson,brooke91@example.net,1961,Cyprus
284,Lisa,Parsons,jamiehanna@example.org,1969,Bangladesh
285,Alexander,Brown,justin15@example.org,1967,Cuba
286,Christina,Owen,mmurphy@example.org,1970,Comoros
287,Michael,Gonzales,dianaatkinson@example.com,1953,Angola
288,Daniel,Bonilla,linda97@example.com,1952,Bolivia
289,Melinda,Perez,perezpatricia@example.org,1955,DRC
290,Tracy,Johnson,irobinson@example.com,1984,Barbados
291,Jennifer,Nelson,lopezphilip@example.com,1955,Botswana
292,Michael,Espinoza,mary32@example.com,1982,Belarus
293,Lindsey,Walker,krausemarie@example.com,1956,Bangladesh
294,Daniel,Bowman,fjordan@example.net,1946,France
295,Heather,Green,wilsoncheryl@example.com,1976,USA
296,Valerie,Lewis,chelseaanthony@example.net,1988,Rwanda
297,Charles,Lee,kcarter@example.org,1959,China
298,Crystal,Holloway,littledarren@example.com,1981,Bolivia
299,Alexis,King,amy37@example.com,1947,USA
300,Christopher,Brown,hallzachary@example.net,1960,Belarus
301,Anthony,Clark,tdavis@example.net,1949,USA
302,Tonya,Harding,barnesjames@example.com,1975,Canada
303,Mark,Willis,john93@example.net,1947,Rwanda
304,Maria,Trujillo,dorothy64@example.com,1965,Cameroon
305,Gary,Barker,erikafischer@example.net,1989,Bahamas
306,Karen,Morgan,sbell@example.net,1945,Chile
307,Dan,Washington,eileenhernandez@example.com,1955,USA
308,Sally,Maldonado,sandra14@example.org,1972,Kenya
309,Candace,Arias,loriaguilar@example.com,1964,Rwandan
310,Ryan,Crosby,potterbrian@example.org,1944,Austria
311,Diana,Moore,emily16@example.net,1985,South Africa
312,Frank,Andersen,julie39@example.com,1993,Tanzania
313,Marie,Wilson,dominiquevazquez@example.com,1987,Benin
314,Kevin,Anderson,williamsdaniel@example.com,1949,Kenya
315,Mary,Martinez,bestdaniel@example.org,1960,UK
316,Nicole,Steele,davisann@example.net,1991,Belgium
317,Emily,Peterson,nleon@example.com,1961,Afghanistan
318,April,Price,kathy74@example.net,1978,Kenya
319,Shelly,Shaw,wujames@example.com,1970,France
320,Harold,Robinson,macdonaldjerry@example.org,1988,Bangladesh
321,Anna,Shaw,hparker@example.com,1946,China
322,Terry,Mitchell,zskinner@example.org,1964,Cyprus
323,William,Johnson,zjames@example.com,1991,Australia
324,Benjamin,Lewis,maryharris@example.net,1977,Croatia
325,Kimberly,Ashley,fernandezchristine@example.com,1981,Rwanda
326,Peter,Hogan,christophermendoza@example.net,1962,Belarus
327,Allison,Wiley,dhenry@example.com,1945,DRC
328,Mary,Callahan,royjennifer@example.com,1991,Rwandan
329,Michael,Aguilar,kennethlarsen@example.com,1959,Canada
330,Scott,Miller,schneideraaron@example.com,1965,Benin
331,Eric,Taylor,jordansarah@example.net,1994,Burundi
332,Kimberly,Wade,aaronstevens@example.net,1945,Chile
333,Andrea,Peterson,matthewsandrea@example.com,1987,Cuba
334,Joseph,Frank,gutierrezrobert@example.com,1976,Rwanda
335,Eric,Kennedy,bishopcorey@example.net,1976,Austria
336,Robert,Neal,jennifer18@example.com,1954,Bulgaria
337,Bruce,Jones,michaelchristian@example.org,1960,Albania
338,Daniel,York,benjamin73@example.com,1977,UK
339,Danielle,Frederick,deborah01@example.net,1988,South Africa
340,Dana,Perez,wross@example.org,1950,South Africa
341,Abigail,Tate,hamptonlisa@example.org,1959,Cuba
342,Lucas,Taylor,elliottstacy@example.com,1962,Brazil
343,Danielle,Jackson,madelinelarson@example.net,1958,Botswana
344,Nicholas,Harvey,colleen50@example.net,1982,Algeria
345,Craig,Lewis,ericshepherd@example.com,1944,UK
346,Michele,Jones,anthonyglover@example.org,1959,Cabo Verde
347,Kelly,Weaver,damonwhite@example.com,1954,Argentina
348,Kyle,Williams,jdouglas@example.com,1969,Comoros
349,Jeanette,Miranda,richardlopez@example.org,1976,Bahamas
350,Ronald,Vazquez,gwinters@example.org,1962,Algeria
351,Matthew,Green,wzimmerman@example.com,1964,Bangladesh
352,Jennifer,Bray,karapowers@example.org,1947,Bangladesh
353,William,Obrien,hawkinsjack@example.com,1970,Colombia
354,Stacy,Cain,qvega@example.com,1960,Croatia
355,Rebecca,Morales,piercetimothy@example.com,1961,Canada
356,Jeffrey,Anderson,mathewssylvia@example.org,1961,Cyprus
357,Eric,Patel,myersandrea@example.org,1984,UK
358,Stephanie,Wood,edwardsscott@example.org,1967,Bolivia
359,Kyle,Boone,steven92@example.com,1965,Croatia
360,Cynthia,Cervantes,christopher01@example.com,1956,Comoros
361,David,Wright,jenniferherman@example.net,1973,DRC
362,Emily,Schneider,rosechristopher@example.net,1962,DRC
363,Robert,Johnson,kara84@example.org,1989,Canada
364,Victoria,Black,jennifer74@example.org,1961,Afghanistan
365,John,Vaughn,benjamingraham@example.com,1963,Cyprus
366,Michael,Villarreal,nicole00@example.com,1945,Kenya
367,Jason,Russell,robert81@example.net,1955,Canada
368,Melissa,Harris,megan70@example.org,1957,Canada
369,Henry,Torres,sara17@example.org,1991,Burundi
370,Marcus,Lamb,krivera@example.com,1948,UK
371,Matthew,Reeves,alex08@example.com,1957,Croatia
372,Megan,Davis,harperanthony@example.net,1964,UK
373,Zachary,Austin,greenjavier@example.org,1953,Australia
374,Joseph,Stout,xramirez@example.com,1982,Bangladesh
375,Nicholas,Griffin,bradleysharp@example.com,1992,UK
376,Linda,Robinson,blackjackie@example.com,1976,Belgium
377,Brooke,Carroll,williamsalexander@example.org,1972,Uganda
378,Christian,Jones,taylorhall@example.org,1945,UK
379,Patrick,Garza,ljohnson@example.net,1987,Benin
380,Pedro,Dalton,thomas72@example.com,1991,UK
381,Bobby,Warner,allisonferguson@example.com,1970,Austria
382,Austin,Williams,dtaylor@example.org,1967,Algeria
383,Vanessa,Gardner,wubethany@example.com,1987,Botswana
384,Amanda,Harrison,madisonmullins@example.com,1965,Albania
385,Jose,Galvan,joel83@example.org,1982,Rwandan
386,Steve,Dominguez,rossburch@example.net,1958,Rwandan
387,Ann,Cook,qwalsh@example.org,1985,Cameroon
388,Megan,Cardenas,wayne92@example.org,1973,Colombia
389,Barbara,Smith,tapiascott@example.com,1967,Bolivia
390,Alex,Friedman,simsdiana@example.com,1992,Canada
391,Ashley,Hester,mwebb@example.org,1991,Rwanda
392,Larry,White,ryan87@example.com,1982,Australia
393,Heather,Wallace,jeffreypeterson@example.net,1961,Bangladesh
394,Jacob,Lopez,connieshaw@example.org,1960,Algeria
395,Laura,Fisher,kingangela@example.com,1991,Afghanistan
396,Craig,Gilmore,cory67@example.net,1962,Afghanistan
397,Jeffrey,Ward,john19@example.net,1965,Cuba
398,Stephen,Crawford,kmartinez@example.net,1988,Bolivia
399,John,Young,yjennings@example.com,1986,Cabo Verde
400,Jonathan,Wood,patelashley@example.net,1951,UK
401,Jared,Franco,meyerjennifer@example.com,1984,Burundi
402,Andrew,Bowers,ashley93@example.org,1967,Tanzania
403,Robert,White,simmonskevin@example.org,1950,Rwandan
404,William,Phillips,teresa31@example.org,1960,Rwanda
405,James,Weeks,zwalker@example.org,1986,Cambodia
406,Jon,Gardner,dbenitez@example.org,1953,Cambodia
407,Wanda,Berg,hpruitt@example.com,1983,Australia
408,John,Moore,heidi66@example.net,1962,Australia
409,April,Todd,snyderann@example.org,1991,Algeria
410,Carlos,Lee,meyersleah@example.net,1961,Cambodia
411,Michael,Osborne,wangjonathan@example.com,1980,Canada
412,Michele,Carpenter,fergusonmaria@example.com,1961,France
413,Keith,Hernandez,brucehale@example.com,1980,Rwanda
414,George,Jones,rangelkirsten@example.net,1990,UK
415,Gina,Solis,wellschad@example.com,1953,South Africa
416,Marissa,Johnson,chapmanrobert@example.net,1958,Canada
417,Adam,Smith,qramirez@example.com,1988,Algeria
418,Gregory,Thompson,ykline@example.net,1984,Rwanda
419,Jennifer,Bennett,qtucker@example.net,1961,UK
420,Vanessa,Kline,kathyrodriguez@example.org,1994,Australia
421,Bethany,Jensen,tlewis@example.net,1949,Afghanistan
422,Krista,Sawyer,waltontimothy@example.org,1958,Belarus
423,Ashley,Owens,samuel00@example.net,1979,South Africa
424,Rachel,Stephens,gwendolynmiller@example.net,1966,Austria
425,Michael,Wilson,nicholasroman@example.com,1988,Uganda
426,Laura,Sanchez,wendy69@example.org,1949,Cuba
427,Judy,Hernandez,donnajames@example.com,1968,Comoros
428,Charles,Davis,joneskimberly@example.com,1968,USA
429,Megan,Kline,jarmstrong@example.org,1986,Cuba
430,Rebecca,Gross,katiehenderson@example.net,1947,Belgium
431,Tina,Tapia,blake42@example.com,1947,UK
432,Heidi,Turner,andrew65@example.com,1991,Austria
433,Thomas,Moore,dmorales@example.net,1955,Cambodia
434,Kevin,Andrews,mmiller@example.net,1976,Barbados
435,Kevin,Morrison,hclark@example.com,1993,Kenya
436,Michael,Scott,rebecca38@example.com,1986,Chile
437,Tyler,Kelly,terrylaura@example.org,1950,Comoros
438,Pedro,Hansen,donald31@example.org,1958,Angola
439,Joshua,Sanchez,michelle24@example.com,1974,South Africa
440,Dawn,Shea,eperez@example.com,1950,UK
441,Michelle,Holden,michealwells@example.net,1959,Argentina
442,Cynthia,Taylor,robertzimmerman@example.com,1982,Uganda
443,Stacey,Sherman,kelly73@example.org,1978,Afghanistan
444,Elizabeth,Ray,ehicks@example.org,1965,Barbados
445,Megan,Knight,ginasimmons@example.com,1970,Rwanda
446,Robert,Newman,kenneth27@example.net,1976,Angola
447,Samantha,Hunt,hallmichael@example.org,1975,Angola
448,Kathryn,Lawson,mcculloughmark@example.com,1951,Cameroon
449,David,Bell,mcknightkatrina@example.org,1982,DRC
450,Emily,Parker,smallmorgan@example.com,1974,Rwanda
451,Randall,Garcia,mooneyjason@example.com,1975,Austria
452,Paula,Brown,reyesryan@example.com,1948,Australia
453,Aaron,Chang,spratt@example.net,1951,Albania
454,Mary,May,tony46@example.net,1966,Uganda
455,Amy,Keller,woodardtyler@example.net,1977,Barbados
456,Rebecca,Rogers,royrobert@example.net,1979,Barbados
457,James,Chavez,amanda27@example.org,1948,Angola
458,James,Jennings,spencerjames@example.com,1952,Benin
459,Stacy,Rodriguez,anthonyboyd@example.com,1961,Canada
460,Michelle,Smith,wigginsana@example.org,1976,Angola
461,Christine,Thomas,fjenkins@example.com,1951,Tanzania
462,Matthew,Barrera,adrian33@example.net,1954,Cameroon
463,Alexandra,Phillips,kristinamorton@example.org,1960,Algeria
464,Jonathan,Parks,johnsthomas@example.com,1964,Cabo Verde
465,Patrick,Salinas,edwardskimberly@example.org,1948,USA
466,Carl,Jones,laurenfischer@example.com,1977,Colombia
467,Annette,Lane,justinsingh@example.net,1948,Tanzania
468,Jamie,Wilson,tsteele@example.net,1980,Botswana
469,Dylan,Oconnell,padillaroger@example.org,1955,Canada
470,Pam,Fischer,charlesbeasley@example.net,1964,Bahamas
471,Samantha,Reed,baileychristopher@example.com,1976,Rwanda
472,Dalton,Galloway,lauragonzalez@example.org,1960,Comoros
473,Nicholas,Cruz,randallpeterson@example.org,1967,Bolivia
474,Kaitlyn,Dudley,whitetasha@example.com,1957,Croatia
475,Michael,Jackson,marcia94@example.org,1983,Botswana
476,David,Walker,haley77@example.org,1957,Tanzania
477,Mary,Smith,mfisher@example.org,1951,Rwanda
478,Jacob,Turner,kimlittle@example.org,1993,Barbados
479,Spencer,Reed,michelle28@example.org,1989,France
480,Gina,Mitchell,kyle66@example.com,1957,Croatia
481,Bonnie,Salas,john04@example.com,1951,Rwanda
482,Lucas,Wright,lindsey47@example.com,1959,Austria
483,Rachel,Reeves,dhicks@example.com,1956,Austria
484,Lee,Morales,hrussell@example.org,1970,UK
485,Tina,Alexander,fchristensen@example.net,1957,Argentina
486,Danny,Holloway,jordanmcbride@example.com,1962,Belarus
487,James,Franklin,markwhite@example.net,1994,Brazil
488,Hayden,Cisneros,bsmith@example.org,1984,Cambodia
489,Janet,Fleming,yharris@example.org,1991,Afghanistan
490,Matthew,Gonzales,gabriella17@example.org,1962,Afghanistan
491,Jonathan,Williams,chenruth@example.com,1968,Cabo Verde
492,Kelsey,Munoz,sarahenry@example.net,1989,Belarus
493,Katherine,Rodgers,david99@example.org,1963,Benin
494,Harold,Nelson,murphybrandon@example.com,1971,Rwanda
495,Desiree,Carrillo,whitebenjamin@example.com,1970,Comoros
496,Eric,Castro,lsmith@example.com,1973,France
497,Leslie,Hunt,iarnold@example.net,1969,UK
498,Karen,Giles,wendy35@example.com,1950,UK
499,James,Dyer,hernandezeric@example.com,1984,Argentina
500,Sarah,Combs,ygoodman@example.com,1954,Austria
501,Kristin,Washington,sarahpeterson@example.net,1981,Benin
502,Mary,Fisher,kayla89@example.net,1962,Bulgaria
503,Jeffrey,Boyd,brayarthur@example.org,1988,Botswana
504,Isaac,Williams,lorettalynch@example.org,1948,Cameroon
505,Brenda,Buck,steven02@example.com,1963,Cabo Verde
506,Anne,Armstrong,rhall@example.com,1993,Albania
507,Lisa,Martinez,brookewoodard@example.org,1964,Belarus
508,Cameron,Wright,shawnmullins@example.net,1961,Canada
509,Ronnie,Norris,leslie31@example.com,1989,Comoros
510,Jason,Noble,townsendalexander@example.com,1969,Australia
511,Melissa,Phillips,melissa33@example.com,1967,UK
512,Daniel,Green,olsoncarla@example.net,1993,Benin
513,Joseph,Schaefer,eric23@example.net,1960,Burundi
514,Alicia,Fleming,logandavid@example.net,1947,Cyprus
515,Julia,Hernandez,peterspaul@example.org,1945,Tanzania
516,Alice,Davis,weeksjohn@example.org,1971,Cyprus
517,Jason,Heath,paulhobbs@example.net,1964,Belarus
518,Tamara,Nichols,vdawson@example.net,1969,USA
519,Brent,Torres,johnsonmegan@example.com,1946,Cuba
520,Christopher,Jones,tinalewis@example.com,1966,Comoros
521,Joel,Campos,wcarter@example.net,1985,Belarus
522,Shelly,Diaz,blairethan@example.org,1975,Canada
523,Margaret,Jones,marshallcheryl@example.net,1980,Kenya
524,Thomas,Wallace,russellfletcher@example.net,1981,Bolivia
525,Tamara,Joyce,tony19@example.net,1980,Canada
526,Wanda,Schaefer,nortonfrank@example.com,1947,Australia
527,Lisa,Day,gabrielcastaneda@example.org,1964,France
528,Austin,Rodriguez,davidhorton@example.com,1973,Algeria
529,Anthony,Forbes,vruiz@example.com,1993,USA
530,Jerome,Little,grayjennifer@example.com,1962,Colombia
531,Debra,Thompson,sheltonsandra@example.net,1982,Uganda
532,Kristen,Moore,hhayes@example.com,1963,Albania
533,Lori,Odonnell,ruizanthony@example.org,1993,Belarus
534,Rachel,Arnold,shawn09@example.com,1946,Cameroon
535,Nicole,Eaton,raymondgeorge@example.com,1954,Tanzania
536,Jeremy,Osborne,diane37@example.com,1972,Comoros
537,Danny,Proctor,jpatel@example.net,1984,South Africa
538,William,Matthews,stevenhoward@example.net,1979,Bulgaria
539,Lee,Davidson,jenniferjames@example.org,1945,Rwanda
540,Erica,Pollard,kwood@example.com,1985,Cabo Verde
541,Larry,Li,toddgallegos@example.net,1971,Croatia
542,Tina,Holloway,haroldlivingston@example.net,1953,Algeria
543,Sara,Ball,james58@example.com,1954,Kenya
544,Michele,Johnson,shanethomas@example.org,1956,Tanzania
545,April,Leon,pwilliams@example.net,1963,Cuba
546,Mario,French,tyang@example.com,1965,Angola
547,Raymond,Roth,rjenkins@example.net,1969,Bahamas
548,Antonio,Miller,jeffery37@example.org,1945,Cambodia
549,Nicholas,Navarro,delacruzgregory@example.com,1989,Croatia
550,Joshua,Mueller,mary12@example.org,1969,Belgium
551,Jacqueline,Sexton,ramseytimothy@example.net,1985,Cameroon
552,Sue,Austin,isabellanunez@example.com,1974,Austria
553,John,Stone,carterjason@example.com,1983,Cuba
554,Amanda,Reyes,jaclyn09@example.net,1961,France
555,Sarah,Weaver,xcooper@example.org,1950,Uganda
556,Lynn,Collins,jennifer55@example.net,1990,UK
557,Victoria,Lopez,markmiller@example.com,1983,Cambodia
558,Matthew,Tyler,hardykenneth@example.net,1979,South Africa
559,James,Doyle,bfoster@example.com,1953,Bangladesh
560,Mario,Melendez,rachel81@example.net,1962,Botswana
561,George,Ford,chapmanjustin@example.com,1992,China
562,Megan,Simpson,strongcurtis@example.net,1968,Chile
563,Michelle,Johnson,powersdavid@example.org,1979,Botswana
564,Brandy,Pace,virginiaadams@example.com,1984,USA
565,Chelsea,Murray,qlutz@example.org,1979,Albania
566,John,Bell,hvaldez@example.net,1955,Australia
567,Krystal,Calhoun,amyrose@example.net,1962,Brazil
568,Carrie,Burns,clifford45@example.org,1970,Belarus
569,Jessica,Young,kimberly26@example.com,1969,Tanzania
570,Alex,Benton,johnathanthompson@example.net,1956,UK
571,Michael,Monroe,johnsonjeanette@example.com,1962,UK
572,Debbie,Stone,vfields@example.net,1988,Cambodia
573,Kathryn,Kelley,julie72@example.com,1983,Burundi
574,Kenneth,Molina,ghurley@example.net,1945,UK
575,Amy,Crosby,millerearl@example.com,1956,Canada
576,Joseph,Snyder,ruizkathy@example.net,1980,Bolivia
577,Tabitha,Leonard,vgordon@example.org,1985,Cyprus
578,Jeremy,Hampton,xhouston@example.com,1979,Cuba
579,Douglas,Collins,lcarter@example.net,1976,Albania
580,Robert,Holt,kayla08@example.net,1981,Comoros
581,Christian,Strong,williamsjohn@example.com,1989,Argentina
582,Michael,Simmons,tthomas@example.org,1965,Argentina
583,Amber,Payne,qstewart@example.org,1984,Canada
584,James,Gonzalez,brownbenjamin@example.net,1964,Canada
585,Amber,Brown,fwong@example.com,1977,Tanzania
586,Jeffrey,Carlson,wjohnson@example.net,1964,Colombia
587,David,Day,alex53@example.org,1983,Rwandan
588,David,Mack,carrie37@example.org,1953,France
589,Gerald,Duncan,brandonburns@example.org,1963,Australia
590,Phillip,Schneider,cjohnson@example.net,1968,Brazil
591,James,Morales,patriciamorrow@example.com,1961,Australia
592,Rachel,Williams,ismith@example.org,1991,Bulgaria
593,Amanda,Avila,plewis@example.org,1968,Cabo Verde
594,Felicia,Strickland,andrewvalencia@example.com,1947,Brazil
595,Wendy,Hoffman,dixonsarah@example.net,1984,Colombia
596,Richard,Wallace,hopkinsthomas@example.org,1965,Bulgaria
597,Douglas,Wise,ijohnson@example.com,1965,Barbados
598,Scott,Sanders,mario72@example.org,1944,UK
599,Michael,Harper,williamsjessica@example.com,1955,Bahamas
600,Ivan,Silva,scott23@example.net,1984,DRC
601,Edward,Morrison,michaelhines@example.net,1960,Australia
602,Edward,Martin,beth38@example.org,1956,Angola
603,Charles,Rich,hartrobert@example.com,1947,France
604,Karina,Ferguson,jefferyhuff@example.org,1964,Croatia
605,Shannon,Diaz,williamadkins@example.net,1981,Cabo Verde
606,Peter,Pruitt,melissarice@example.org,1979,Belgium
607,Matthew,Johnson,erika28@example.net,1990,Bolivia
608,Wayne,Monroe,sarah44@example.com,1974,France
609,Anthony,Delacruz,astewart@example.net,1951,South Africa
610,Michele,Grant,dfisher@example.org,1994,Bahamas
611,Rachael,Vasquez,pdavila@example.org,1946,South Africa
612,Phillip,Bennett,valdezjacqueline@example.org,1985,Albania
613,Devin,Wright,rachel61@example.org,1949,Botswana
614,Heather,Tanner,richarddavis@example.org,1944,Argentina
615,Vanessa,Weaver,ruizkristen@example.com,1963,Cabo Verde
616,Amanda,Dixon,fosterashley@example.org,1987,Angola
617,Benjamin,Rose,brianhuber@example.net,1950,Barbados
618,Marcus,Wheeler,smithbill@example.net,1956,USA
619,Christine,Burch,andrea63@example.com,1994,Cabo Verde
620,Matthew,Sullivan,yrose@example.net,1947,Cambodia
621,Mitchell,Adams,williamswilliam@example.net,1982,Belgium
622,Jessica,Martinez,traceycole@example.net,1969,Bangladesh
623,Daniel,Mitchell,robert44@example.com,1992,Austria
624,William,Shaw,jacobsoneric@example.net,1961,Uganda
625,Donald,Martinez,heatherglenn@example.com,1957,USA
626,Sharon,Green,nicolecastro@example.org,1986,UK
627,Zachary,Gamble,mitchellgabriel@example.net,1978,Benin
628,Blake,Davis,harrisonheidi@example.org,1987,UK
629,John,Matthews,rtrujillo@example.com,1945,Kenya
630,Alicia,Scott,jason66@example.org,1981,Kenya
631,Michael,Jones,carol23@example.net,1991,Bangladesh
632,Jessica,Woodard,tbutler@example.org,1968,Tanzania
633,Henry,Reese,brendaorr@example.net,1965,France
634,Matthew,Morris,sandovaljason@example.org,1982,UK
635,Emily,Walker,kathleengonzalez@example.net,1948,France
636,Jorge,Clarke,christine56@example.com,1990,Cabo Verde
637,Patricia,Mckay,odennis@example.net,1959,Cabo Verde
638,Julia,Mckenzie,mary56@example.org,1945,Belarus
639,Cynthia,Fischer,troy24@example.org,1990,Bangladesh
640,Heather,Odonnell,alansalazar@example.org,1948,Brazil
641,Joshua,Gross,james25@example.com,1994,Colombia
642,Laura,Rodriguez,fwhite@example.org,1949,Argentina
643,Jonathan,Brown,vincent12@example.org,1966,Albania
644,Daniel,Olsen,archeranna@example.net,1986,Canada
645,Vickie,Ferguson,masonevelyn@example.net,1979,Kenya
646,Christina,Taylor,twiggins@example.com,1949,Argentina
647,Rhonda,Adams,thomasdavis@example.org,1988,Benin
648,Marvin,Walker,adamwade@example.net,1971,Australia
649,Rebecca,Holmes,kyle31@example.com,1945,Brazil
650,Gerald,Salinas,pwheeler@example.org,1988,Cameroon
651,Kathleen,Lowe,john03@example.com,1965,Cyprus
652,Emily,Perez,dsteele@example.net,1958,Rwanda
653,George,Lewis,cameron21@example.org,1950,Australia
654,James,Perez,rodney20@example.net,1993,Tanzania
655,Albert,Garcia,zlarson@example.com,1982,Rwandan
656,Thomas,Nichols,userrano@example.org,1991,UK
657,Thomas,Mccormick,esnyder@example.org,1960,Bangladesh
658,David,Stevens,justinbarrett@example.com,1969,Colombia
659,Kelly,Little,fsims@example.com,1991,UK
660,Stephanie,Lawrence,agrimes@example.net,1968,South Africa
661,Charles,Gibbs,fperry@example.net,1992,Canada
662,Mark,Rose,john80@example.com,1965,Brazil
663,Jeffrey,Johnson,troyshah@example.net,1959,Rwandan
664,Andrew,Moore,swebb@example.com,1988,South Africa
665,William,Sanchez,mortonjohn@example.com,1968,Colombia
666,Joy,Marshall,stefanieacosta@example.org,1980,Rwanda
667,Ryan,Owens,dwright@example.net,1963,Colombia
668,Rachel,Edwards,mmills@example.com,1986,Uganda
669,Stephen,Rivera,walter46@example.net,1949,Benin
670,Alexa,Mccullough,xwall@example.net,1961,Belarus
671,Michael,Rhodes,fisherbrian@example.org,1949,Chile
672,Michael,Anderson,tmitchell@example.org,1970,Colombia
673,Christine,Trujillo,drogers@example.net,1948,UK
674,Christopher,Smith,wilsonjesus@example.net,1948,Colombia
675,Alan,Morris,agross@example.org,1974,Cuba
676,Gilbert,Harper,halltyler@example.net,1968,Canada
677,Edward,Reyes,richardboyd@example.net,1964,Cameroon
678,Gary,Terry,sierra42@example.org,1973,USA
679,Robert,Johnson,jensendanielle@example.org,1944,South Africa
680,Angela,Hernandez,gloriajackson@example.net,1977,Rwanda
681,Michael,Williams,onelson@example.org,1965,Belgium
682,Michael,Middleton,ocharles@example.com,1994,Benin
683,Stacy,Wallace,adamdelgado@example.org,1964,Chile
684,Lori,Brown,lindsey26@example.com,1994,Angola
685,Angela,Simmons,uowens@example.net,1944,UK
686,Michael,Shaw,hhernandez@example.net,1994,USA
687,Stephen,Meza,carrillotyler@example.com,1961,Angola
688,Kenneth,Robinson,katherinephillips@example.com,1959,Bahamas
689,John,Smith,john53@example.org,1989,China
690,Beth,Wood,luis11@example.com,1956,Bulgaria
691,Tina,Evans,amy38@example.com,1944,Angola
692,William,Harper,gwilliams@example.net,1958,UK
693,Charles,Ramirez,francisramirez@example.com,1959,Bulgaria
694,Jacqueline,Alvarez,amyknight@example.net,1949,Cameroon
695,Tiffany,Miller,paul31@example.net,1948,Afghanistan
696,Mark,Miller,wherring@example.com,1955,Cameroon
697,Sara,Kirby,kendra23@example.net,1965,Belgium
698,Brian,Davis,royandrew@example.com,1970,Rwanda
699,Michele,Bryant,charles26@example.net,1944,Benin
700,Devin,Fuller,lucasdeanna@example.net,1950,Afghanistan
701,John,Barker,gho@example.com,1978,Bulgaria
702,Andrea,Leach,thompsonshelley@example.com,1944,Canada
703,Dylan,Petty,jessica16@example.com,1975,Belarus
704,Christina,Cole,littlewilliam@example.net,1981,Uganda
705,Shawn,Thomas,jesse57@example.net,1990,Croatia
706,Andrew,Hawkins,mark18@example.com,1960,Belarus
707,Derrick,Cobb,stephanie88@example.org,1993,Kenya
708,Kevin,Jenkins,bbailey@example.net,1981,USA
709,Tammy,Thomas,debraguzman@example.net,1968,Cabo Verde
710,Nathaniel,Graham,estephens@example.com,1964,USA
711,Linda,Nelson,adrianburke@example.com,1949,USA
712,Kathryn,Smith,kelsey21@example.com,1948,Rwanda
713,Jose,Young,matthewsjohn@example.net,1981,DRC
714,Christopher,Proctor,miguelparker@example.net,1959,Burundi
715,Jermaine,Graham,adamwilliamson@example.com,1953,Cuba
716,Laura,Jimenez,gillmark@example.com,1988,Bangladesh
717,Katherine,Miller,samuel15@example.org,1972,Bangladesh
718,Caroline,Young,mgonzalez@example.net,1984,Rwanda
719,Matthew,Miller,ndavis@example.org,1950,Angola
720,Sarah,Jefferson,timothy96@example.org,1979,Rwanda
721,Steven,Hawkins,gnorton@example.org,1962,Algeria
722,Eric,Werner,mjackson@example.com,1961,DRC
723,Robert,Brown,kellie86@example.org,1948,Bolivia
724,Susan,Moore,jeffreymyers@example.net,1988,Croatia
725,Carlos,Stevens,ijames@example.org,1961,Australia
726,Henry,Burke,bbowman@example.org,1958,Cabo Verde
727,Carolyn,Phillips,christophergarcia@example.net,1981,Bulgaria
728,Jennifer,Christian,patelwalter@example.net,1989,Algeria
729,Tina,Becker,michellecalhoun@example.net,1983,Barbados
730,Edward,Porter,tcastro@example.org,1961,UK
731,Thomas,Hester,alandixon@example.com,1978,Canada
732,Ashley,Valdez,david50@example.org,1967,Algeria
733,Stacey,Stewart,lwhite@example.net,1969,Brazil
734,Donna,Ross,caitlinbailey@example.com,1962,France
735,David,Snow,cummingscynthia@example.org,1989,Comoros
736,Cynthia,Phillips,bentonedwin@example.net,1983,Colombia
737,Calvin,Russo,lbaird@example.net,1964,USA
738,Gregory,Wells,cantusamantha@example.net,1976,Belarus
739,Sarah,Brown,bradshawtyler@example.net,1994,Rwanda
740,William,Anderson,hannahbaker@example.org,1982,Argentina
741,Megan,Bell,tina78@example.com,1989,Belarus
742,Jim,Anderson,douglasmiller@example.net,1951,Belgium
743,Courtney,Moore,james88@example.net,1950,Kenya
744,Kevin,Underwood,thomassarah@example.com,1974,Bulgaria
745,Nancy,Boyd,myersangela@example.com,1992,Rwanda
746,Laura,Wilkinson,millernicholas@example.com,1978,Albania
747,Scott,Morris,williamsjoann@example.com,1949,Cabo Verde
748,Jorge,Pena,bryan89@example.net,1951,Cameroon
749,Aaron,Myers,rwoods@example.org,1946,Cambodia
750,Jennifer,Hill,qwade@example.net,1969,Bahamas
751,Aaron,Williams,alisonjohnson@example.net,1972,Cuba
752,Jeffrey,Gibbs,amanda90@example.com,1963,Burundi
753,Emily,Singh,wardjacqueline@example.org,1989,South Africa
754,Tammy,Leonard,jose00@example.org,1963,Comoros
755,Roy,Salinas,ykennedy@example.org,1977,Bahamas
756,Mario,Fowler,parkstammy@example.com,1990,Bangladesh
757,Matthew,Turner,fmartin@example.com,1966,DRC
758,Curtis,Nixon,jeffreywilson@example.org,1959,Australia
759,Robert,Cardenas,katelynvaldez@example.net,1956,Brazil
760,Elizabeth,Buckley,arobinson@example.com,1978,Bahamas
761,Nathan,Johnson,nbrown@example.org,1955,USA
762,Edwin,Sanchez,hannahfisher@example.com,1980,Cabo Verde
763,Steven,Copeland,jamesfritz@example.org,1944,Benin
764,Madison,Snow,lisa66@example.com,1974,UK
765,Amanda,Stephens,fadams@example.net,1985,Rwanda
766,Emily,Pena,charlesyoung@example.org,1961,Rwanda
767,Brian,Carroll,andrewsbrent@example.org,1964,Bolivia
768,Andrea,Gomez,huntrobert@example.net,1980,Cuba
769,Jeremy,Cameron,coffeysean@example.com,1959,Canada
770,Carol,Nash,thomas03@example.com,1949,Bangladesh
771,Lisa,Howell,adam53@example.net,1974,Chile
772,Karen,Adams,vcooke@example.com,1971,UK
773,Robert,Curtis,aaron82@example.net,1986,Canada
774,Wesley,Williams,nallen@example.com,1967,Cuba
775,Joseph,Winters,sheryl76@example.com,1946,Botswana
776,Kirk,Moon,troy28@example.com,1959,Australia
777,Nicolas,Hernandez,georgewright@example.net,1958,Bolivia
778,Alan,Mitchell,talexander@example.org,1952,UK
779,Suzanne,Randolph,esimmons@example.com,1969,South Africa
780,Ethan,Brown,melaniedeleon@example.org,1990,South Africa
781,Michael,Todd,jonathanholmes@example.com,1961,UK
782,Tracy,Lambert,robertsonsandra@example.net,1988,Chile
783,James,Lewis,oconner@example.org,1968,Croatia
784,Sarah,Gonzalez,shawrobert@example.org,1949,Brazil
785,David,Meyer,kristen36@example.org,1994,China
786,Krystal,Decker,shaun46@example.com,1962,Tanzania
787,Rachel,Li,cindyli@example.net,1973,Benin
788,Tom,Burns,pittslisa@example.net,1946,Kenya
789,Edward,Mitchell,curtis93@example.org,1978,Rwanda
790,Amber,Henry,andrea57@example.com,1954,Bolivia
791,Amanda,Mullins,patrickharrison@example.org,1952,Benin
792,Cody,Johnson,ylewis@example.com,1962,USA
793,Kathryn,Carter,justin71@example.com,1969,Afghanistan
794,David,Mccormick,brittney79@example.org,1953,Tanzania
795,Joshua,Owens,andersonpeggy@example.com,1982,Cuba
796,Matthew,Acosta,edwardsrobin@example.org,1950,Belarus
797,Parker,Peck,josephross@example.org,1952,Belgium
798,William,Le,christopherjohnson@example.org,1992,Algeria
799,Michelle,Ramos,crodriguez@example.org,1986,DRC
800,David,Brown,qsutton@example.net,1982,UK
801,Teresa,Simpson,sanchezjames@example.org,1973,Bahamas
802,Adam,Christian,fdaniel@example.net,1978,Afghanistan
803,Kimberly,Collins,randysmith@example.org,1951,Brazil
804,Jillian,Cunningham,penningtonstephen@example.com,1976,Uganda
805,Christine,Davies,lchang@example.com,1977,China
806,Mary,White,jeffrey22@example.net,1991,Colombia
807,Stephanie,Jackson,princesarah@example.org,1953,Cyprus
808,Jennifer,Warren,jamessmith@example.net,1981,Cambodia
809,Cheryl,Oconnell,stevensmith@example.com,1944,Argentina
810,Evan,Vasquez,dsmith@example.com,1994,UK
811,Phillip,Friedman,srivera@example.net,1960,Croatia
812,Eric,Baker,roblesjulie@example.net,1981,Kenya
813,John,Moore,timhernandez@example.net,1976,Bolivia
814,Roy,Harris,garciakristin@example.net,1983,Austria
815,Robert,Thomas,donna73@example.org,1957,France
816,Erica,Mason,kochjon@example.org,1961,Cabo Verde
817,Steven,Hudson,heather94@example.net,1954,Bangladesh
818,Todd,Bush,teresahahn@example.com,1970,UK
819,Mark,Pierce,zstrong@example.net,1993,Rwanda
820,William,Huff,osanchez@example.org,1955,Canada
821,Kendra,Rowe,mariasmith@example.com,1953,UK
822,Robert,Lawson,mclaughlindavid@example.net,1954,Tanzania
823,Christina,Carter,thomastran@example.org,1947,Belarus
824,James,Johnson,adam92@example.com,1947,Bahamas
825,Allison,Morgan,davidlucero@example.com,1980,China
826,Keith,Smith,susanjackson@example.com,1949,Albania
827,Anthony,Hunter,jessicarose@example.net,1979,USA
828,Dawn,Malone,brucedavid@example.com,1993,China
829,Thomas,Davidson,shellysanchez@example.net,1993,Australia
830,Benjamin,Weaver,xhamilton@example.com,1978,Argentina
831,Jamie,Vaughn,shortroger@example.org,1957,Uganda
832,Sophia,Brewer,nhoward@example.net,1973,Bangladesh
833,Stanley,Lindsey,sheilabennett@example.net,1984,Rwanda
834,Joseph,James,mwalters@example.com,1976,Barbados
835,Haley,Schultz,rmoyer@example.org,1987,Angola
836,Ashley,Williams,xgordon@example.net,1988,Algeria
837,Douglas,Rodgers,tjohnson@example.com,1993,Bangladesh
838,Jason,Davis,brian64@example.org,1956,Botswana
839,Caitlyn,Harris,alexander39@example.org,1994,Colombia
840,Tamara,Mason,joshua34@example.net,1983,Chile
841,Jeffrey,Garcia,michael57@example.org,1947,Croatia
842,Connor,Kim,masondustin@example.org,1982,Argentina
843,Wanda,Wiggins,lisa39@example.com,1944,Australia
844,William,Smith,alexanderlisa@example.org,1971,Cambodia
845,Timothy,Anderson,angelaandrews@example.org,1973,South Africa
846,Ashley,Gonzalez,edwardsjoy@example.org,1988,USA
847,Abigail,Walker,uriley@example.net,1950,UK
848,Jeffery,Mcconnell,robert64@example.com,1971,Botswana
849,Frances,Contreras,megananderson@example.com,1977,Bolivia
850,John,Alexander,nhernandez@example.org,1975,USA
851,Alicia,Carney,petersonphillip@example.com,1988,Botswana
852,Kyle,Olson,deankathy@example.com,1991,Rwanda
853,David,Curry,cindypayne@example.com,1967,Cyprus
854,Connie,Ruiz,patriciascott@example.org,1945,Bolivia
855,Amy,Gonzalez,johnpayne@example.net,1945,Croatia
856,Randall,Schwartz,aprilwagner@example.net,1990,Rwanda
857,Bradley,White,melissa89@example.net,1958,UK
858,Andrew,Mccall,lambstephanie@example.org,1991,UK
859,Juan,Bullock,rebecca08@example.org,1958,Brazil
860,Jason,Patterson,lopezjessica@example.org,1986,Burundi
861,Roger,Bell,xnichols@example.net,1947,Afghanistan
862,Matthew,Terrell,bwalker@example.org,1954,Benin
863,Adam,Gutierrez,ehoward@example.org,1979,USA
864,Christine,Phelps,romanjonathan@example.net,1994,Rwanda
865,Andrea,Miller,cherrytimothy@example.org,1962,Burundi
866,Samantha,Foster,wjones@example.net,1977,France
867,Amy,Gonzalez,hicksthomas@example.org,1979,Algeria
868,Edward,Peters,steven12@example.com,1994,Cameroon
869,Gary,Williams,juliaserrano@example.org,1977,Cabo Verde
870,Anna,Bryant,brandycarroll@example.org,1964,Croatia
871,Julian,Peterson,hlevy@example.org,1957,Kenya
872,Jacqueline,Chandler,christinamorgan@example.net,1971,Botswana
873,Debra,White,drobinson@example.com,1961,Canada
874,Melissa,Anderson,nicole98@example.com,1984,Uganda
875,Carlos,Johnson,mandy90@example.net,1955,UK
876,Jacob,Jordan,christopherchen@example.com,1967,Algeria
877,Joseph,Perry,irobinson@example.net,1948,DRC
878,Brittany,Thomas,knightdana@example.net,1949,USA
879,Rebecca,Kim,perezhenry@example.net,1994,Afghanistan
880,Katie,Marshall,joseph12@example.org,1994,UK
881,Brenda,Guerrero,kyleharrison@example.net,1953,Botswana
882,Cassandra,Williams,terrypatrick@example.org,1967,Comoros
883,Jennifer,Brown,baileybell@example.net,1961,Cuba
884,Michelle,Larson,jrobertson@example.com,1950,UK
885,Jason,Garcia,michael93@example.org,1965,Brazil
886,James,Reilly,berrydanielle@example.org,1978,USA
887,Eddie,Hill,smithbrandon@example.com,1971,Albania
888,Charles,Wilson,wayne82@example.org,1981,Australia
889,Tony,Price,kstevens@example.com,1965,Rwandan
890,Erica,Santana,bjones@example.org,1947,Kenya
891,Patrick,Duncan,tannermurray@example.net,1978,DRC
892,Tiffany,Reese,alvarezwalter@example.com,1965,France
893,James,Holmes,erocha@example.net,1986,Bulgaria
894,Logan,Barajas,wigginsmichael@example.org,1961,Algeria
895,Jesse,Moreno,beckerbrianna@example.com,1972,Bahamas
896,Marilyn,Scott,hickmanedward@example.org,1983,Canada
897,Ronald,Fowler,darrenjensen@example.org,1992,USA
898,Curtis,Anderson,bmcdonald@example.com,1978,UK
899,Stephen,Brown,uramos@example.net,1970,Cameroon
900,Ronald,Blankenship,snelson@example.org,1947,Algeria
901,Patricia,Ramirez,erichards@example.net,1948,Rwanda
902,Richard,Shepard,anthony07@example.org,1958,Burundi
903,Joshua,Clark,xjohnson@example.net,1986,Bolivia
904,Annette,Taylor,stevenwyatt@example.net,1993,Cabo Verde
905,Tiffany,Zimmerman,michelle19@example.org,1962,China
906,Brian,Hickman,igray@example.net,1954,Belgium
907,Marie,Jacobs,wilsonsteven@example.com,1983,Rwanda
908,Christine,Cox,mstanley@example.com,1974,USA
909,Lisa,Shaw,douglasjohnson@example.net,1968,Kenya
910,Kyle,Smith,lynn08@example.org,1947,Kenya
911,Kelsey,Hunt,adamswilliam@example.net,1953,Rwandan
912,Jody,Lee,laurenhanna@example.org,1969,USA
913,Nicholas,Rodriguez,roybrandon@example.org,1990,Benin
914,Anthony,Gallegos,harold57@example.net,1992,Belgium
915,Tara,Santos,emcknight@example.com,1980,Cambodia
916,Timothy,Davis,kristinemorton@example.org,1986,Austria
917,Robert,Gillespie,michaellopez@example.org,1988,Burundi
918,Robin,Jones,castilloelizabeth@example.net,1947,Cabo Verde
919,Penny,Jones,bmathews@example.org,1953,Chile
920,Nicole,Cain,mcguireadrienne@example.com,1968,China
921,Bradley,Gardner,etaylor@example.net,1954,Afghanistan
922,Jacob,Thompson,sierra33@example.net,1974,Angola
923,Brittany,Valdez,sanchezpaula@example.org,1959,Austria
924,Nicole,Rodriguez,davenportstephanie@example.net,1952,Bolivia
925,Joseph,Nichols,kburnett@example.org,1994,South Africa
926,Veronica,Burke,eileenmccarthy@example.com,1963,Algeria
927,Debra,Davenport,stacymitchell@example.com,1988,Algeria
928,Katrina,Lee,taylorlaurie@example.net,1948,Rwandan
929,Evan,Richards,thompsonraymond@example.com,1979,Belarus
930,Thomas,Potter,frodriguez@example.org,1972,USA
931,Leah,Martin,juliepowers@example.com,1975,Canada
932,Jason,King,zmartin@example.org,1972,Tanzania
933,Lisa,Bell,bowerscourtney@example.com,1972,UK
934,Joseph,Smith,salinasjeremy@example.com,1964,Argentina
935,Monica,Gray,paul43@example.net,1961,Cuba
936,Wendy,Welch,sherrifoster@example.com,1951,Bulgaria
937,Megan,Snyder,ufields@example.com,1987,Rwanda
938,Betty,Cooper,ymorgan@example.net,1970,Kenya
939,Jeffrey,Townsend,rgonzalez@example.net,1951,Comoros
940,Laura,Anderson,hburke@example.net,1963,Bulgaria
941,Lauren,Morgan,tyler68@example.net,1974,Rwandan
942,Ruben,King,astark@example.org,1994,South Africa
943,Jennifer,Johnson,pcastro@example.org,1965,Tanzania
944,Robert,Chambers,virginia21@example.com,1946,Bolivia
945,Kayla,Hall,angelica47@example.com,1994,Belgium
946,Donna,Banks,robert60@example.org,1960,Kenya
947,Karen,Foster,catherineking@example.com,1962,Benin
948,Chris,Phillips,rachelroy@example.org,1971,Botswana
949,Keith,Hines,usmith@example.com,1971,Bulgaria
950,Adrian,Scott,bowmanrichard@example.net,1976,France
951,Cheryl,Ramirez,odawson@example.com,1974,Bangladesh
952,Michele,Ferguson,mandy16@example.org,1961,Canada
953,Jeffrey,Hernandez,wolflisa@example.com,1989,Uganda
954,Carlos,Butler,luisspencer@example.org,1984,Argentina
955,Calvin,Brown,nyoung@example.org,1965,Bahamas
956,Adam,Phillips,amy69@example.org,1945,Colombia
957,Susan,Hall,crawfordbradley@example.org,1976,Colombia
958,Bryan,Perkins,katherine74@example.com,1992,DRC
959,Cheryl,Lee,smithlatoya@example.net,1971,Canada
960,Deborah,Young,amandatrujillo@example.org,1962,Afghanistan
961,Heidi,Charles,nortonangelica@example.com,1994,USA
962,April,Diaz,kellyclark@example.net,1955,France
963,Scott,Alvarado,xcallahan@example.org,1980,Argentina
964,Joshua,Mcintyre,leslie95@example.net,1993,Chile
965,Tyler,Phillips,josephwilson@example.com,1981,Brazil
966,Jonathan,Russell,kyle29@example.org,1966,Croatia
967,Natalie,Fuller,alejandro73@example.net,1968,Chile
968,Alicia,Carroll,edward03@example.com,1963,Rwanda
969,David,Henry,hansonlaurie@example.net,1948,Chile
970,Kathy,Smith,colecurtis@example.com,1951,Kenya
971,Cheryl,Huffman,hughesdanielle@example.com,1948,Rwanda
972,Dana,Chapman,edward97@example.org,1985,DRC
973,Heather,Tate,carsonjason@example.com,1948,Bangladesh
974,Edward,Moore,gmccarthy@example.net,1978,DRC
975,Dean,Moore,westphilip@example.net,1968,Australia
976,Justin,Schwartz,wcole@example.org,1983,DRC
977,Brandon,Miller,nicolehall@example.org,1988,Rwanda
